msg_size,bw_gbps,msg_rate
65536,91.48,0.174480
262144,91.48,0.043623
1048576,91.52,0.010910
