msg_size,bw_gbps,msg_rate
65536,91.46,0.174437
262144,91.50,0.043632
1048576,91.48,0.010906
