msg_size,bw_gbps,msg_rate
65536,23.13,0.044124
65536,23.08,0.044019
262144,91.79,0.043767
262144,23.13,0.011029
1048576,92.02,0.010969
1048576,91.84,0.010948
